Unnamed: 0,sentence,sentence_length
16037,He will be moving out of The old house on Thursday,40
13594,California wildfire forces evacuation of homes university,51
9570,A black and wood colored dining room set in a small apartment,50
9576,The brown dog is resting his head on a white pillow,41
10706,A group of teenagers jumping and having a good time,42
8876,Pope Francis condemns global indifference to suffering,48
13570,Russian meteorite leaves building gaping open,40
5436,We donated wire for the convicts to build cages with,43
6604,A puppy is repeatedly rolling from side to side while on its back,53
13690,US sprinter Tyson Gay tests positive for banned substance,49
13271,Five million citizens get unofficial salary in Ukraine,47
1236,The perception of the problem is quite thorough,40
9348,Taiwan coast guard launches new ships as South China Sea tensions rise,59
9361,US military says it conducts airstrikes against IS in Syria Iraq,54
7578,A girl in a pink dress rides her bike along a white picket fence,51
14782,It is fairly simple to understand somewhat harder to referee,51
1161,We proved Smith conclusively to the authorities to be the thief,53
1294,These stories about himself worry John more than anything else,53
9692,A boy skateboards down the railing of some graffiti stairs,49
8472,Google CEO says Android important not critical,40
14004,Boston bombing suspect was under FBI surveillance says mother,53
13069,dozens of such criminals have been hanged in public,43
12834,And several Senate Republicans are cranky about the House map,52
13706,Angelina Jolie and the complex truth about breast cancer,48
14692,This is an example I always find is helpful for first year,47
1522,What it is certain that he was wearing is this hat,40
8844,Three feared dead after helicopter crashes into pub,44
11000,Canada approves oil pipeline to the Pacific Coast,42
4988,There appears to be a problem with this solution,40
4258,Susan found every book she had been looking for at Borders,48
13357,Storm lashes Florida delaying Republican convention,46
7273,The large brown and white dog is running through the snow,47
3137,Lee voted for Bill because his father told him to,40
13177,UN monitors shot at on way to Syrian massacre site,41
7951,He also could be barred permanently from the securities industry,55
3177,Never have I stolen from any members of your family,42
12135,A group of people are standing around a red fire truck,44
4285,John gave the books to Mary and the records to Sue,40
5606,They realised that never had Sir Thomas been so offended,47
14421,Two men in fleeces and hats looking at the camera,40
8188,additional individuals and entities are subject to an assets freeze,58
13935,Syrian opposition confirms participation in peace talks,49
8740,Critical Gates memoir rocks Obama administration,43
14895,Israel blames Iran for attacks on its diplomats,40
10152,US senators penalize Pakistan for jailing doctor who aided CIA,53
2218,That the clown had a red nose amused the children,40
4346,This very heavy parcel was delivered yesterday,40
8534,Penn State football players react to sanctions,40
3372,They denied the claim that we had advanced by ourselves,46
8452,South Sudan accuses Sudan of bombings ahead of talks,44
10052,No there is no specific criteria for giving the man of the match award,57
14077,Italian President Napolitano elected for second term,46
9569,A small red and gray bird perched amongst the bare branches of a tree,56
3365,The official to whom Smith loaned the money has been indicted,51
9036,Janet Yellen to become first woman to lead the Federal Reserve,52
13015,iran insists that its nuclear program is for peaceful purposes,53
8326,Suicide bombing rocks elite Yemen military camp,41
8603,German parliament overwhelmingly backs Greek rescue deal,50
10162,Israeli Leader Puts Off Evicting Settlers From Hebron House,51
15547,You could probably get a tour agency to do it for you but it would cost you,59
12417,A person standing on a stage in front of a seated crowd,44
7053,A black cow and a brown cow stands in a plain in front of an uprooted tree,58
12056,A boat is in the water and a small airplane is on the dock,45
12271,Three girls holding umbrellas with their backs to the camera,51
12285,The dog is running with a yellow ball in his mouth,40
11868,The jockey is wearing purple and riding a brown horse,44
4509,Eleanor and Marianne travelled from Shropshire,41
14974,Chinese president arrives in Argentina for state visit,47
14658,There is no implication about Tom whatsoever in such a sentence,53
12059,A dog sitting on a yellow chair next to a green dumpster,45
13641,Pakistani girl shot by Taliban appears on video,40
13705,Costa Concordia survivors detail experience one year later,51
12431,A young boy is twisting a sparkler around in the air,42
10587,A black and tan dog standing in a field near trees,40
6908,Feet standing on a pretty day with large building in background,53
8362,Gusmao consolidates power in East Timor elections,43
1272,Exactly half of the students attended some seminar,43
9652,The couple is sitting near the water in lawn chairs,42
12046,A small kitchen with items stacked on the shelves and on the counter,56
8606,Heavy fighting rocks eastern Syria ahead of poll,41
7229,A woman in a black shirt stands in front of bananas at a fruit stand,54
11336,A woman is pouring ingredients into a frying pan,40
15474,One idea is cleaning the coffee residue from the coffee pot,49
12281,A woman wearing a black and blue striped suit is surfing on a wave,53
15185,a dog on the floor of a patio looks at a cat on the fence,43
5527,The rules require that the executives be polite,40
9718,A seated young woman in a hat is reading at a coffee shop,45
602,He often experiments with new flavors in cooking,41
12764,Moore did not have an immediate response Tuesday,41
7299,Two large black dogs are playing in a grassy field,41
4230,Every woman who heard the news contributed to the fund,45
8789,Australia to scrap soaring national debt ceiling,42
5349,Aphrodite wanted Hera to persuade Athena to leave,42
4665,This girl in the red coat will eat her breakfast before tomorrow,53
1264,Some professor admires every student and hates the dean,47
7285,A white dog runs through a field of yellow flowers,41
13326,Fitch restores Ford credit to investment grade,40
6909,A small white dog chews on a twig while lying on a wooden deck,49
15741,Two French journalists abducted killed in Northern Mali,48
13384,US Canadian imams issue fatwa against honour killings,46
13925,Russia convicts dead lawyer Magnitsky in posthumous trial,50
3472,It was with a great deal of regret that I vetoed your proposal,50
14786,I am too a hobby swimmer but as part of my triathlon training,49
3465,I wonder in which pocket it was that Kim had hidden the jewels,50
14756,There are three main factors that drive the low shadow economy in the US,59
13766,Police arrest suspect in deadly LA driving attack,42
12605,Ergo it offends me when Thatcherites call themselves libertarian,56
7006,A mallard and a tame white duck on the grass near water,44
12097,a brown and white dog jumping over a red and yellow pole,45
15691,Queen Beatrix of the Netherlands abdicates in favour of son,50
6201,An elderly woman is pouring oil into a frying pan,40
4719,For the girl to put a picture there is what I prefer,41
2727,They would inform Mary of any success they have made,43
12459,Two mountain climbers stand on the top of a mountain looking around,56
5631,It was from six to nine or it took place from six to nine,44
1581,There were several hundred people yelling for me to put down gently,56
8529,UN Chief Finds His Voice Remains Cautious on China,42
1265,Everyone reported that Max and some lady disappeared,45
8827,Mumbai photojournalist gangrape case cracked five accused arrested,59
11972,A small child sits on a cement wall near white flower,43
15779,I poured water from the bottle into the cup until it was empty,50
15861,Carol believed that Rebecca regretted that she had stolen the watch,57
8668,Mexican singer Jenni Rivera believed killed in plane crash,50
10237,Egypt arrests Muslim Brotherhood leader Badie,40
709,She enjoys learning to play new musical instruments,44
4974,Which book about herself did Jenny say that Anson had written,51
576,He spends weekends volunteering at the shelter,40
1235,John bought the picture of himself that Bill saw,40
7045,A group of people sitting around a table containing food,47
4166,Frank will eat an apple and Morgan will eat an apple too,45
856,The knee replacement candidate groaned up the stairs,45
13277,Russian Orthodox Church rallies faithful after criticism,50
12332,A person is riding a dirt bike in a race on a dirt track,43
7528,A swimmer is doing the backstroke in the swimming pool,45
9009,Syria envoy says no peace talks without opposition,43
3620,Hilda is such a scholar that all her work is impeccable,45
5572,the one with a red cover takes a very long time to read,43
3656,The Joneses think themselves the best family on the block,48
13708,White House defense firms discuss automatic spending cuts,50
15085,A man and a woman are hugging and kissing each other,42
15235,A white and grey cat in a bathroom sink looking at the camera,49
7685,So YES we DO read the bible to learn about Christianity,45
14819,The study appears today in the New England Journal of Medicine,52
16477,The lamplight made the kitchen seem even warmer,40
7573,A man in a blue cap is sitting on a stool under a tree,41
10261,Senate confirms Janet Yellen as chair of US Federal Reserve,50
9270,Driver backs into stroller with child drives off,41
12520,The tan dog is carrying a green squeak toy in its mouth,44
14981,Colorado governor visits school shooting victim,42
8788,Flooding in Canada forces evacuation of another city,45
2936,John enjoyed drawing trees for his syntax homework,43
4539,It is the garden that the gardener planted with roses,44
11785,A black and white photo of a motorcycle laying on the ground,49
15677,Maldives court issues arrest warrant for former president,50
14074,Spanish government approves tight restrictions on abortion,52
14644,There are many arguments for why this is not the case,43
15730,Russia detains suspected Islamist militants in Moscow raid,51
14879,Russia China veto UN Security Council resolution on Syria,49
9212,US NATO Raise Doubts Russia Pulled Back from Ukraine Border,50
8638,Egypt minister survives assassination attempt,41
9984,I have seen cats not like using the litterbox for a variety of reasons,57
12779,The PCs are scattered across the United States Canada and South Korea,58
11720,A woman is walking along a road and a man in a motorcar pulls up beside her,59
11699,Two women are sitting close to each other and talking,44
1320,I found to be delicious some fruit which I picked up on the way home,54
2939,We need to be in frequent contact with the clients,41
10953,Annan to visit Syrian refugees in Turkey Tuesday,41
6949,Someone standing on a snowy mountain watching a plane,45
1506,Romeo conceded that he and Juliet were going steady,43
8502,Russia jails Pussy Riot protest punks for two years,43
7118,View of a living room with a dining room in the background,47
13257,Bahrain court upholds sentences against uprising leaders,50
15522,Work with your supervisor and your team to solve the problem,50
8647,Hundreds of Bangladesh clothes factory workers ill,44
3237,I assume the matter to have been filed in the appropriate records,54
5225,Alison and David soaked their feet in the kitchen,41
8693,Narendra Modi pledges tough stand against Pakistan,44
13215,Plastic artist calls for greater support for new talents,48
7291,A man in a white suit walks down the street holding a newspaper,51
14043,Starbucks clears college degree path for workers,42
4395,That Anne was in conversation with Mr Elliott dismayed Captain,53
12927,Several shots rang out Wednesday night but no gators were killed then,58
3322,I met the critic whose remarks I wanted to object to,42
15115,A woman is scrubbing a zucchini with a vegetable brush,45
9862,The religious people are enjoying the outdoors,40
10049,I can think of three key factors that are quite logical conjectures,56
6967,A black and white photo of a glass bottle of Coca Cola,43
9932,I think it is still feasible to store seeds until the next year,51
1580,There was a snake behind the car the time bomb was sitting in,49
14015,Pakistans Imran blames rival for killing party member,46
5443,Nobody who hates to eat anything should work in a delicatessen,52
7252,Three children and playing and laughing on the floor,44
4282,The Dodgers beat the Red Sox and the Dodgers were beaten by the Giants,57
14933,London Marathon observes silence for Boston victims,45
13276,Chinese president concludes state visit to Denmark,44
4524,Captain Oates died in order to save his comrades,40
14068,Hamas calls on Hezbollah to pull forces out of Syria,43
15672,Venezuelans urged to vote in presidential election,44
15801,Madonna fired her trainer because she slept with her boyfriend,53
4265,John talked to anybody who came up to him at the party,43
4419,Because of the strike the commuters travelled by army lorry,50
9272,Senate confirms Obama nominee to key appeals court,43
8687,Israel strikes Syria as tensions rise on weapons,41
7463,A dog wearing a green sweater and a backpack walking on snow,49
15166,A ginger and white cat curled up and asleep on a leather chair,50
10841,Also it is useful to keep the consistency in your story,45
13780,US Coast Guard suspends search for missing British sailors,50
10005,I have found there is no single best way to increase size,46
7816,I missed the point where he said that black people were going to riot,56
9089,Argentina declares mourning for flood victims,40
9185,Syrian opposition agree to landmark peace talks,41
15423,The man is getting his boat clean to take it out on the water,48
7761,Jury nullification does not mean that a law is unconstuitutional,55
10993,Ukraine protest leaders name ministers Russian troops on alert,54
5680,It was believed by everybody that Mary was a thief,41
583,We enjoy listening to podcasts during road trips,41
9267,Assad says Syria will comply with UN arms resolution,44
10728,Two workers are sitting next to pipes eating lunch,42
7253,A man sits with fishing poles near a body of water,40
9676,The white and brown dog is running quickly through the grass,50
16481,He was afraid the stable boys at the Burlington Stables struck at Mark,58
15347,The woman is jumping a long distance while people watch,46
6837,A woman posing in front of an apartment building in the snow,49
14282,A person is pouring olive oil into a pot on the stove,42
12219,a man in a black shirt is roller blading past a bench in the city,51
14830,The Maine program could be a model for other states,42
4169,Calvin will strike himself and Otto will strike himself too,50
12120,A man going over a jump on his bike with a river in the background,52
3261,The house has been lived in by several famous personages,47
3947,Heidi thinks that the salmon flavored candy bars were eaten,50
12049,A women riding a mountain bike on a large concrete area,45
3896,John put the book on the table with a pair of tongs,40
7503,The brown and white dog is walking in shallow waters,43
7727,not astros or orioles bad Gameday for the orioles game is frozen for me,58
12387,A girl jumping rope on a sidewalk with a parking garage to the left,54
9137,US Russia agree on seizure of Syria chemical weapons,44
10852,Not a direct answer to the question but something to consider,51
13930,Manmohan hopes to clinch nuclear deal with Japan,41
15250,A tan dog is running through the grass with a yellow toy in its mouth,55
15914,Anne gave birth to a daughter last month She is a very charming baby,55
13391,USDA Confirms Case of Mad Cow Disease in California,43
12569,Chuck Close We are all vessels filled with many wonders,46
8494,Jonny Bairstow and Eoin Morgan shine for England in Mumbai,49
12139,A man sits on a rock next to a folding deck chair and a fishing pole,53
13758,Afghan president extends visit to Pakistan for Taliban talks,52
12426,A black and white spotted dog is jumping over the small stream of water,58
8982,Turkish search ends as last missing miners found,41
6898,Two people paddling in a red canoe with trees in the background,52
15477,They can but the way to do it depends on what you have available,51
9254,Egypt Launches Offensive Against Sinai Militants,43
621,She loves sharing stories with her grandparents,41
11938,A scantily clad woman standing next to a small red vehicle,48
1408,Harry will be in the Marines next year and Herman was drafted last night,59
8041,Such a step could put the issue before the UN Security Council,51
14948,British police deny protecting sex abuser Savile,42
15734,Greece to close state broadcaster to save money,40
14838,The rovers act as robotic geologists moving on six wheels,48
15409,The construction workers are sitting down to eat lunch,46
5002,Humans love to eat some disgruntled old pigs in those ditches,51
8858,Suspected Saudi militant dies in Lebanese custody,43
13583,Lance Armstrong confesses to doping in Oprah interview,47
8516,Isaac drenches Haiti heads toward Cuba Florida,40
1527,He is the happiest that it is believed that he has ever been,48
10979,Man who battled Fukushima disaster dies of cancer,42
524,She loves to capture moments through photography,42
14794,Coin lockers are a feature of most stations in Japan,43
7360,The large brown dog is jumping through the tall grass,44
8992,Kevin Rudd sworn in as Australian prime minister,41
6052,A man and woman are walking together through the woods,45
1567,Palmer is a guy who for for him to stay in school would be stupid,51
15486,It is his job to see that you have what you need to do your job,48
7842,That is not direct responsibilty to the constituents,45
9793,A blonde woman looks for medical supplies for work in a suitcase,53
1890,An ancient treasure trove was found in this cave,40
7964,Tisha Kresler a spokeswoman for Global Crossing declined to comment,58
8117,But the cancer society said its study had been misused,45
15229,Two cats one ginger the other white laying on a bed,41
3240,The balloon is positioned in an area of blockage and is inflated,53
5139,Computer viruses increased in virulence last year,43
15720,Canadian government approves controversial oil pipeline to Pacific,59
12175,A man in a white suit walks outside carrying a newspaper,46
4331,There are less trucks on the motorway this winter,41
5636,Each of the boys fought with some of the other boys,41
13802,Iran says detects sabotage at nuclear facility,40
1832,They praised the volunteers for their dedication,42
9438,A baby rhino is walking around his pen with his mother,44
15234,A group of six people sitting at a table with salad served,47
14111,Sierra Leone Reaches Final Day of Ebola Lockdown,41
7767,wait until they become more consistent and closer together,50
11807,There is a young boy with a red and blue jacket on feeding a sheep,52
12600,ALL of the electrical energy ultimately comes from the alternator,56
1997,Brian wiped the fingerprints from outside the cupboard,47
8360,Massive Hurricane Sandy bears down on US East Coast,43
2586,I am anxious for you to study English grammar hard,41
7023,A buddha statue holding a candle is sitting on a table,44
12353,A man is walking by trees in front of the city skyline,43
8511,Pakistan begins demolition of bin Laden compound,42
4270,John made a fool of himself in front of anyone who was there,48
14133,Harry Kane leaves it late to rescue a point for Tottenham Hotspur,54
8433,American Airlines and Pilots Agree on a New Contract,44
16596,Success is built on a foundation of hard work persistence and the courage to keep going despite setbacks,87
3837,The biggest man in the room said that John danced an Irish jig from County Kerry to County Tipperary on Thursday,92
10111,As part of a restructuring Peregrine sold its Remedy help desk software unit last year to BMC Software Inc,88
7868,In the weeks leading up to the execution several Florida officials received anonymous threatening letters,91
14867,Early Monday insurgents threw a homemade bomb at a US convoy in northern Baghdad killing an American soldier,91
16716,To find true fulfillment we must align our passions with our actions and pursue what resonates with our hearts,92
16682,In every journey there are lessons to be learned and wisdom to be gained from our experiences along the way,88
16564,Our thoughts shape our reality and the way we perceive the world around us influences our actions,81
16748,In the tapestry of existence each thread represents a unique story that contributes to the whole,81
16617,The journey of self-improvement is filled with ups and downs but each step brings us closer to our goals,86
16579,The greatest gift we can give ourselves is the freedom to pursue our passions and follow our hearts,82
16640,To be truly happy we must learn to find joy in the little things and appreciate the beauty in everyday moments,90
16751,In the pursuit of our dreams it is essential to remain focused and determined in the face of obstacles,84
7848,AAA spokesman Jerry Cheske said prices may have affected some plans but cheap hotel deals mitigated the effect,93
16791,In the face of challenges we must remind ourselves that our true strength lies in our ability to adapt and overcome,95
13091,francisco santos stated that colombian police found the evidence on two computers discovered with raul reyes,93
16814,Every interaction with another person offers a chance to inspire uplift and create positive change,84
16390,It did not seem possible that the sun had ever been swept by the winds and snows of that hard winter,80
16592,In the pursuit of our passions we often discover new strengths and capabilities we never knew we had,83
8000,Linda Saunders pleaded guilty in federal court to six charges including extortion money laundering and conspiracy,98
16553,Success is not just about achieving goals but also about the journey and the lessons learned along the way,88
16697,In the grand tapestry of life every experience adds color and texture to our unique story and journey,84
16636,Every setback we face is a stepping stone toward greater achievements and a chance to learn valuable lessons,91
8082,The lawsuit names Shelley a Democrat and registrars in Los Angeles Orange and San Diego counties,81
7941,There is however no photo of Peter Hollingworth in the June issue examined by the Herald yesterday,82
8173,north korea has claimed nuclear ambitions and currently north korea is reported to have missiles aimed at japan,94
16661,In the face of challenges we must remind ourselves that every setback is an opportunity for a comeback,85
7919,Cubs outfielder Sammy Sosa was suspended for eight games by major league baseball Friday for using a corked bat,93
16817,Every experience contributes to our personal growth shaping us into who we are meant to be in this world,86
7915,Congress twice before passed similar restrictions only to see President Bill Clinton veto them,81
3297,That Bill tried to discover which drawer Alice put the money in made us realize that we should have left him in Seoul,95
14687,Indefinite articles developed from numerals and the definite articles developed from demonstratives,88
7922,The company has expanded into providing other services for buyers including payment services,80
10030,I like the previous answers regarding setting a schedule and fulfilling the rituals of going to a job,84
8277,an indian government official stated that india does not attach much credence to reports by amnesty international,97
7911,A lawsuit has been filed in an attempt to block the removal of the Ten Commandments monument from the building,91
15948,John was doing research in the library when he heard a man humming and whistling He was very annoying,83
12807,There is however no photograph of Dr Hollingworth in the June issue of the magazine examined by The Age yesterday,94
10075,Another million barrels bought by Spanish refiner Cepsa SA was to be loaded onto a Spanish tanker the Sandra Tapias,96
13034,the resolution includes a broadened list of individuals and entities subject to an assets freeze,82
12796,PRESIDENT Yoweri Museveni has promoted Brigadier Aronda Nyakairima to Major General and named him Army Commander,97
8154,human rights violations in myanmar include summary executions torture and the recruitment of child soldiers,93
15980,Edward dropped adhesive tape onto his window sill and when he pulled the tape off some of the glue was stuck on it,92
9974,You will be hard pressed to find scientific studies that answer these questions with any certainty,83
16708,In the pursuit of greatness it is essential to surround ourselves with those who uplift and inspire us,85
14775,Bowling strike rate is defined for a bowler as the average number of balls bowled per wicket taken,81
16785,In the grand scheme of things our actions however small can create significant change in the world around us,90
15623,The boy fired once into a wall and sprayed the room with fire extinguishers making it hard to see the chief said,91
7942,No Americans were reported among the casualties according to Capt Michael Calvert a spokesman for the regiment,94
16756,In the rhythm of life there are moments of stillness that allow us to reflect and recharge our spirits,84
16806,To take risks is to embrace uncertainty and open ourselves up to the possibilities that life has to offer,87
16729,To cultivate resilience is to strengthen our ability to bounce back from adversity and keep moving forward,90
12956,A spokesman at Strong Memorial Hospital said Doud was under evaluation Tuesday evening in the emergency room,92
15838,Fred covered his eyes with his hands because the wind was blowing sand around He lowered them when the wind stopped,95
9961,Different parts of California have different wildlife so you should probably narrow the region,81
16625,The greatest lessons often come from our failures and the wisdom gained from those experiences is invaluable,92
5563,Each author whose contribution is written in any language other than English will provide a summary in English,93
16688,To live a life of purpose is to connect with our true selves and pursue what brings us fulfillment and joy,86
8040,Fletcher said he expects to have the support of lawmakers from agricultural states many of whom are on the committee,97
10024,As others have mentioned the iRobot Roomba is an excellent example of a household robot which does meaningful work,96
16733,Every challenge we face is a chance to discover our inner strength and resilience that resides within us,87
12979,Besides a sales slump Siebel is sparring with some shareholders over management stock option windfalls,88
12855,Swartz had sought to have the charges dismissed saying New Hampshire was the wrong place to charge him,85
14829,Yeager said the incident appeared to be isolated but the suspect showed tendencies of being a prior offender,91
16666,The journey of self-improvement is a lifelong commitment that requires patience perseverance and self-love,93
15618,Sources in the racing industry said Fontana will get a second NASCAR race on Labor Day weekend starting next season,96
14863,It will appear in the next few weeks on the Web site of the Proceedings of the National Academy of Sciences,87
7950,Cooley said he expects Muhammad will similarly be called as a witness at a pretrial hearing for Malvo,84
16753,Every encounter with another person offers a chance to learn and grow through shared experiences,82
15830,The customer walked into the bank and stabbed one of the tellers He was immediately taken to the police station,92
2743,That the march should go ahead and that it should be cancelled have been argued by different people at different times,98
8096,A spokeswoman at Strong Memorial Hospital said Doud was in satisfactory condition Tuesday night,82
16710,Every setback serves as a reminder that resilience is born from adversity and growth often comes from struggle,93
16511,He cursed it under his breath for standing in his way as if the mannequin had been a living creature,81
13495,Statement by the spokesperson of the EU High Representative Catherine Ashton on the resumption of executions in Iraq,99
16613,In every setback lies the opportunity for a comeback and the chance to rise stronger than before,80
16669,To create meaningful change we must first change our mindset and embrace new perspectives and ideas,84
16690,Every day presents us with a new opportunity to make a positive impact in our lives and the lives of others,87
12867,But company officials expect the costs of the replacement work to run into the millions of dollars,82
16586,In the face of uncertainty it is our resilience and ability to navigate challenges that define our success,89
14837,The dispute has led Ukrainian president Leonid Kuchma to cut short a state visit to Latin America,81
16626,To achieve our dreams we must first believe in ourselves and our ability to create the life we desire,83
13105,one indian government official who studied the blueprints stated the science was old and dated but still functional,98
10856,Local police authorities are treating the explosion as a criminal matter and nothing has been ruled out,87
8023,Richard Miller remained hospitalized after undergoing a liver transplant but his wife has recovered,86
15972,Meanwhile all the people in town are hunting high and low for Arthur and Celeste and their mothers are very worried,95
8180,activists have stated that russia is imprisoning people without evidence of illegal activity,80
16678,In times of struggle we must remind ourselves that our challenges do not define us but rather our responses do,91
15594,Since then Texas Gov Rick Perry has called two special sessions trying to push the measure through,82
8124,Sliding down the ice Moriarty and Carella hit the spongy rocky floor of the river and immediately felt the pull,92
16807,Every interaction with others is a chance to inspire uplift and create meaningful connections that last,88
16585,The ability to adapt to change is crucial for personal and professional growth in an ever-evolving world,88
12829,Mr McDevitt has been granted control of three aspects of policing by Commissioner William Morrell,83
14718,My wife and I originally had the same problem with our newborn twins fussing when bath time was over,82
12777,Mr Howard also said yesterday that Hicks would be fairly treated saying he had faith in the US justice system,90
8673,Statement by the Spokesperson of High Representative Catherine Ashton on the latest spate of attacks in Iraq,92
16698,To navigate lifeâ€™s challenges we must develop resilience and the ability to adapt to changing circumstances,92
7948,Janice Kelly said her husband had received assurances from senior MoD officials that his name would not be made public,99
16689,In the journey of self-discovery we often uncover hidden talents and passions that ignite our spirits,86
15593,Two more died later and initial autopsy reports show they succumbed to dehydration hypothermia and suffocation,95
4667,This girl in the red coat will eat her breakfast and will put a picture of Bill on your desk before tomorrow,87
16811,Every goal we set is a reflection of our desires and the journey to achieve it teaches us valuable lessons,87
16587,The importance of setting goals lies in giving us direction and motivation to achieve our dreams,81
16541,The greatest discovery of all time is that a person can change their future by merely changing their attitude,91
15606,Hillary Clinton the New York senator and former first lady has a book out Monday titled Living History,85
16657,The journey of life is filled with ups and downs and it is our response to those experiences that defines us,88
16768,The beauty of life lies in its unpredictability and the lessons we learn from every experience we encounter,90
16486,A general had the right to punish a soldier caught selling the general arms and also anyone who tempted him,88
15933,We went to the lake because a shark had been seen at the ocean beach so it was a dangerous place to swim,82
16552,In the pursuit of our dreams we often face challenges that test our resolve and strengthen our character,87
8181,restraining extremist groups is becoming increasingly difficult because of how the groups are financed,89
12954,Chief financial officer Andy Bryant has said that hike had a greater affect volume than officials expected,90
1269,Every student has to come up with three arguments that show that some condition proposed by Bill is wrong,87
10126,FRIENDS of Robert De Niro yesterday rallied around him after he was diagnosed with prostate cancer,83
8264,if india blames foreign militants it is part of its propaganda to mislead the international community,86
8109,Among the workers the researchers found short workers had worse hearing than expected for their age,84
2996,Most of her free time was spent attending concerts and plays or visiting museums and art galleries,82
2963,In preparation for the return fixture this team has trained more efficiently than they had in recent months,90
12743,A sour forecast from Sun Microsystems Inc SUNWO put more pressure on Wall Street before the quarterly earnings season,99
15942,Dr Adams informed Kate that she had retired and presented several options for future treatment,80
8001,Microsoft has identified the freely distributed Linux software as one of the biggest threats to its sales,89
14805,I agree with Kate Sherwood you should be able to attribute most quotes these days by simple fact checking,87
9902,As mentioned in the other comments ANOVA is problematic when mixing types of predictor variables,82
14661,Semicolon is used to join sentences that can stand alone but are joined to emphasize their relationship,87
16655,Every challenge we face is an opportunity to learn something new about ourselves and our capabilities,86
16538,Theresa Rubio was nineteen when she posed for it and her youthful energy explodes out of the canvas,82
14800,One thing that should be used as a seasoning in Odyssey tales is the idea of the false destination,80
7865,Last week his lawyers asked Warner to grant clemency under conditions that would have lead to a new sentencing hearing,99
10079,His daughter Nina Axelrod told The Associated Press that he died in his sleep apparently of heart failure,88
16663,The power of our thoughts can shape our reality and influence the outcomes we experience in life,80
16605,To believe in our potential is to recognize that we are capable of achieving greatness beyond our wildest dreams,94
1509,Bill left when everyone will believe that the police have forced me to confess that I shot Sandra,80
8031,A Royal Duty is based on his experiences with Diana Princess of Wales and letters allegedly to and from her,88
14870,Stout comes to Sprint from GE Capital where he served as chief technology and information officer,82
14865,The most common side effects after getting the nasal spray were nasal congestion runny nose sore throat and cough,95
15608,The scientist also quarantined himself at home as soon as he developed SARS symptoms officials said,84
12872,Former Phipps aides Linda Saunders and Bobby McLamb have both pleaded guilty to federal charges including extortion,99
16798,Every encounter with another person is an opportunity to learn grow and share our experiences together,87
16221,Each artisan still had signs not wishing to lose a possible patron merely because the patron happened to be illiterate,99
8186,capital offenses in saudi arabia include rape murder apostasy armed robbery and drug trafficking,83
7874,A seventh victim a woman died Tuesday night in the burn unit at childrens Hospital Medical Center of Akron,88
13094,putin stated that russia could discard the treaty entirely if western nations refuse to ratify its amended version,97
16764,Every interaction with others offers a chance to inspire uplift and create meaningful connections,84
16494,You could wipe her floor with a clean handkerchief without getting any dirt on the handkerchief,80
16728,In the tapestry of existence our experiences shape our identity and influence the path we choose to follow,89
13123,the treaty is one of several issues causing tense relations between the governments of russia and the us and europe,96
14708,We always lightly bopped our kids on the mouth therefore showing him that his mouth is what hurt you,82
16749,To challenge our limits is to push beyond what we thought was possible discovering new horizons,80
16786,To embrace vulnerability is to show strength and courage in sharing our true selves with others,80
8149,national regional and international efforts to end the illicit trade in small arms and light weapons,85
16602,The journey of self-discovery is a deeply personal experience that unfolds over time and with intention,88
16567,Resilience is the ability to bounce back from setbacks and keep moving forward despite the challenges,86
12767,The New Zealand Commerce Commission had given Westpac no indication whether it would have approved its deal,91
13129,capital offenses in iran include murder rape armed robbery serious drug trafficking and adultery,83
16659,To find our purpose is to embark on a journey of self-discovery and connect with what truly matters to us,86
10883,The support will come as a free software upgrade called WebVPN for current customers that have support contracts,95
16542,One important key to success is self-confidence. An important key to self-confidence is preparation,86
16779,In the dance of life it is essential to find rhythm and balance between our ambitions and our well-being,86
7927,Board Chancellor Robert Bennett declined to comment on personnel matters Tuesday as did Mills,80
16651,Success is not just about reaching our goals but also about the journey we take to get there and the lessons learned,95
12720,And all of the samples contained molecules that can only be produced when cholesterol interacts with ozone,90
8279,the opposition japanese communist party was against the new law and feared it would lead to a stronger military,93
16576,In moments of doubt it is our determination and inner strength that carry us through to the other side,84
15937,Alice looked for her friend Jade in the crowd Since she always wears a red turban Alice spotted her quickly,88
16608,In the pursuit of happiness we must be willing to let go of what no longer serves us and embrace change,83
12801,Officials with Torch and JetBlue did not respond to repeated phone calls from the Mercury News seeking comment,93
14730,Allergies to animals particularly furry ones can be across the board rather than species specific,83
12863,To watch pay television consumers would insert into the set a security card provided by their cable service,90
8037,A poll showed that the FBI bugging of the mayor had given a boost to his reelection effort against GOP opponent Sam Katz,98
16674,To foster resilience is to strengthen our ability to adapt and thrive in the face of adversity and change,87
4314,People are said to do crazier things at higher speeds there by Dorothy than they are by other people,82
16780,To live authentically is to honor our true selves and express our unique gifts and talents without hesitation,92
14859,Hollywood actor Robert De Niro has been diagnosed with prostate cancer his spokesman said today,81
12723,US Special Forces troops are training Colombian soldiers at military bases in the region to protect the pipeline,95
16810,To foster resilience is to develop the strength to face challenges head-on and keep moving forward,83
16794,In the tapestry of life every thread represents a unique experience that adds depth and richness to our stories,93
10096,The male eagle was found by a zookeeper early Thursday suffering from severe puncture wounds in his abdomen,90
15975,Claire could not win a single point in her squash game with Lisa this afternoon She was just exhausted,84
16571,The power of positive thinking can transform our mindset and open up new possibilities in our lives,83
14647,Your own theory is bad because it seems to follow from a Lamarkian interpretation of evolutionary theory,88
9971,I know of no firm evidence indicating that baby talk is either helpful or detrimental in language development,92
15977,Muriel has in her living room a famous painting of a ballerina She bought the painting when she was thirty,87
16635,To pursue your dreams is to acknowledge the power within you and the limitless possibilities that lie ahead,90
8091,After Hughes refused to rehire Hernandez he complained to the Equal Employment Opportunity Commission,88
16566,The key to unlocking our potential lies in believing in ourselves and taking bold steps forward,80
16734,In the pursuit of happiness we must learn to find joy in the journey not just the destination we seek,82
14776,Yes the receiver needs to wait until the ball touches his playing area otherwise it counts as being obstructed,92
9981,Here is my advice based on my personal experience pumping breastmilk for twin boys for a full year,81
12912,He said the attackers left behind leaflets urging workers at the Ishtar Sheraton to stop working at the hotel,91
7996,Strayhorn said it was the first time in Texas history a comptroller had not certified the appropriations act,91
14723,To reduce the amount of fur a cat malts over your furniture and clothes you could try a deshedder brush,84
15938,In the storm the tree fell down and crashed through the roof of my house Now I have to get it repaired,81
1417,I suspect that the contract which I want to peruse before filing away the deed may some loopholes,80
13008,general nikolai n urakov is the longtime director of the the state scientific center of applied microbiology,92
1444,The teacher who it was expected by the reporters that the principal would fire is a crusty old jerk,81
15953,The police arrested all of the gang members They were trying to run the drug trade in the neighborhood,84
15884,Alice looked for her friend Jade in the crowd Since she always has good luck Alice spotted her quickly,84
14843,BA said the second quarter which included unofficial industrial action at Heathrow had been difficult,87
15640,The agency has yet to fully formulate a strategy for the creation of an independent engineering technical authority,98
10074,Also in Mosul rebel gunmen on Friday assassinated a Sunni Muslim tribal leader who backed the coalition,87
3838,The bright green filing cabinet was filled to the brim with the most boring articles from a prestigious journal of linguistics with a moderately large readership,136
4257,We have many graduate students but this year the graduate director met with every student in the graduate program individually to discuss their progress,129
7857,Gilroy police and FBI agents described Gehring as cooperative but said Saturday that he had revealed nothing about what had happened to the children,125
7875,The men were immediately flown to nearby Botswana on a chartered Air Malawi flight Malawi intelligence officials said on condition of anonymity,122
7880,Chief merchandising officers oversee the buying and development of merchandise deciding the merchandising direction of the company or basically what it should stand for,145
7882,A coalition of campaign groups including the militant national students body is backing the protests which the NLC called in defiance of a court order banning them,137
7886,But Adora Obi Nweze the NAACP state president said the state only tried to prove its conclusion of suicide rather than consider the possibility of murder,128
7888,Iraqi police opened fire in downtown Baghdad today after demonstrators stormed a police station demanding they be given jobs they claimed to have paid bribes for,136
7889,Microsoft has been awarded a patent for a feature in instant messaging that alerts a user when the person they are communicating with is inputting a message,130
7914,Tehran has made clear it will only sign the Additional Protocol introducing such inspections if a ban on the import of civilian Western nuclear technology is lifted,138
7917,Hundreds of reporters and photographers swamped the courthouse grounds before the hearing which was carried live on national cable networks,120
7921,While the Ibrahims had one separation operation Goodrich and Dr David Staffenberg plan about three for the Aguirres with several weeks between each,125
7929,Tampa Bay manager Lou Piniella bench coach John McLaren and right fielder Aubrey Huff were ejected for arguing after Huff was called out on strikes to end the ninth,136
7933,Long lines formed outside gas stations and people rushed to get money from cash machines Sunday as Israelis prepared to weather a strike that threatened to paralyze the country,148
7949,US corporate bond yield spreads tightened in spotty trading on Friday as Wall Street labored to get back on its feet after the largest power outage ever in North America,140
7952,In an interview Healey who is a criminologist acknowledged that much of the sentiment among legislators here and across the country was wariness toward capital punishment,145
7953,Police spokesman Brig Gen Edward Aritonang confirmed Saturday that another two had been arrested one in Jakarta and another in Magelang Central Java,126
7967,The US Senate judiciary committee overcame a significant hurdle yesterday in the battle to create a trust fund to pay victims of asbestos exposure,123
7975,Blue chips edged lower by midday on Wednesday as a wave of profit warnings drained some of the optimism that has driven a rally over the past three months,126
7981,But other sources close to the sale said Vivendi was keeping the door open to further bids and hoped to see bidders interested in individual assets team up,128
7990,Lawyers and others familiar with the federal investigation say it remains focused on Campbell though prosecutors declined to discuss the probe,122
7997,Only New Jersey now bans holders of learners permits or intermediate licenses from using cell phones pagers or other wireless devices while driving,125
7998,The University of Michigan released today a new admissions policy after the US Supreme Court struck down in June the way it previously admitted undergraduates,134
8002,On Tuesday the central bank left interest rates steady as expected but also declared that overall risks were weighted toward weakness and warned of deflation risks,138
8003,Fighting erupted after four North Korean journalists confronted a dozen South Korean activists protesting human rights abuses in the North outside the main media centre,144
8009,The government recently shelved peace talks with the MILF being brokered by Malaysia after a string of attacks including three bombings on Mindanao,125
8018,A tropical storm rapidly developed in the Gulf of Mexico Sunday and was expected to hit somewhere along the Texas or Louisiana coasts by Monday night,124
8025,People who once thought their blood pressure was fine actually may be well on their way to hypertension under new US guidelines published on Wednesday,126
8028,In a mixture of ancient pagan and modern Christian rites the villagers have staged a series of ceremonies hoping to erase the misfortunes they believe have kept them poor,142
8032,The army said the raid which comes just days after Israeli troops shot and killed Abdullah Kawasme the Hamas leader in the city targeted militants in Hamas,129
8045,Mr Mask said Mr Cullen would be taken from the Somerset County Jail by Thursday and moved to the Ann Klein Forensic Hospital just outside Trenton for psychiatric care,138
8050,He also recruited others to participate in the scheme by convincing them to receive fraudulently obtained merchandise he had ordered for himself,123
8056,Hispanics the fastest growing ethnic group in the US have overtaken blacks to become the largest minority in the US according to newly released government figures,137
8068,It will also help reform the Royal Solomon Islands Police strengthen the courts and prisons system and protect key institutions such as the Finance Ministry from intimidation,148
8069,Bush plans to meet with Israeli Prime Minister Ariel Sharon and the new Palestinian prime minister Mahmoud Abbas in the Jordanian port of Aqaba on Wednesday,131
8076,US and European leaders pledged on Wednesday to work together to keep Iran from developing nuclear weapons presenting a united front after months of bitter acrimony over Iraq,147
8088,Davey graduated Saturday from Northwest College which is affiliated with the Assemblies of God with a bachelor of arts degree in religion and philosophy,129
8092,The bodies of some of the dead pulled out from under the train were laid out beside the tracks while emergency services brought in wooden coffins,120
8093,ONA explicitly stated that it did not receive intelligence material indicating that Jemaah Islamiyah terrorist network was planning to mount an operation in Bali,138
8099,The US Capitol was evacuated yesterday after authorities detected a possibly hazardous material in the basement of the Senate wing Capitol Police said,128
8101,The differences between Grassley and Thomas on energy and Medicare have become so pointed that other members say their angry personal relationship is embarrassing the party,147
8125,Mr Sweeney outlined plans for the campaign in a speech last night in Philadelphia at the annual meeting of the American Political Science Association,126
8126,Besides battling its sales slump Siebel also has been sparring with some investors upset about huge stock option windfalls company managers have pocketed,131
8134,However other unions including the powerful CGT remained opposed to the reform and demanded the government begin fresh negotiations with them,121
8155,general nikolai n urakov stated by telephone that the state scientific center of applied microbiology has quite reliable systems of protection in case of emergency,139
8157,the legislation is the most recent effort by japan to ascribe more freedom to its tightly controlled military and would overturn a ban on the military use of space,135
8175,the united states government has accused the iranian government of trying to develop nuclear weapons under the cover of a civilian nuclear program,124
8183,detainees to be accused of homicide criminal collaboration kidnapping and the funding of terrorism and include members of the military and police,124
8199,russia had threatened several times to withdraw from the cfe when it was at odds with the united states over us plans to install a missile defense shield in eastern,135
8217,the panamanian foreign ministry communique stated that the task force will facilitate the technological transfer and promote the biofuel production and consumption,142
8221,elbaradei stated that this is the last chance to build security in the middle east based on trust and cooperation and not on possession of nuclear weapons,128
8236,amnesty international has published a report stating that an indian project to sell attack helicopters to myanmar threatens a european union arms embargo against myanmar,145
8240,elbaradei states that a middle east peace deal can only be reached in parallel with a security agreement based on eradicating all weapons of mass destruction from the region,145
8244,defense chiefs from estonia latvia lithuania germany italy spain and slovakia will sign the agreement to provide staff and funding for the center,123
8253,nuclear weapon systems at a high level of readiness increase the risk of those weapons being used including unintentionally with catastrophic consequences,133
8268,the south african government imposed a ban that prohibits the recruitment of people inside or outside of south africa for mercenary or foreign military assistance,138
8269,the north korean government has warned the south korean government against participating in the proliferation security initiative program,120
8291,iran has noticeably increased the number of executions in recent months as officials enforce a campaign aimed at promoting virtue and boosting security in,131
8299,officials state that decision about the treaty will depend on us action on its plans to deploy missile defense systems in poland and the czech republic,126
8303,capital offenses in iran include murder rape armed robbery apostasy blasphemy serious drug trafficking repeated sodomy adultery prostitution treason and espionage,142
10068,Executive recruiters say that finding a seasoned chief merchandising officer will perhaps be the trickiest of all hires because there is such a dearth of good ones,137
10073,North American markets finished mixed in directionless trading Monday as earnings season begins to slow and economic indicators move into the spotlight,130
10088,Appellate courts across the country have issued differing rulings on the issue allowing public displays of the Ten Commandments in some cases and banning them in others,142
10092,US troops killed nearly two dozen suspected Taliban militants after coming under fire in southern Afghanistan in the latest in a series of such attacks,127
10100,But in the end all the worm did was visit a pornography site said Vincent Weafer a security director with Symantec Security Response in California,122
10102,Ukrainian President Leonid Kuchma today cut short a visit to Latin America as a bitter border wrangle between Ukraine and Russia deteriorates further,127
10112,Part of the accord was the implementation of a special health council that would monitor health spending and progress in reforming the health system,125
10115,A search for three missing teenagers uncovered at least two bodies buried beneath freshly poured concrete in the basement of a house authorities said Wednesday,135
10122,According to security sources London Metropolitan Police Commissioner John Stevens placed his force on its highest state of alert last week following the warning,138
10125,Roy Moore the suspended chief justice of the Alabama Supreme Court stood accused but unrepentant Wednesday in the same courtroom he recently presided over,131
10127,Barbini said the union may reach a compromise with the United States but it wants a system for labeling such foods something the industry successfully fought here,136
10130,Two convicted killers and another inmate escaped from a state prison on a busy street Wednesday by cutting through a fence a Corrections Department official said,136
10133,Supermarket chains facing a possible grocery clerk strike this week accused union leaders Monday of breaking off contract talks prematurely over the weekend,134
10137,Stout previously worked for General Electric subsidiary GE Capital Service Inc where he was vice president and chief technology and information officer,130
10143,Crews worked to install a new culvert and prepare the highway so motorists could use the eastbound lanes for travel as storm clouds threatened to dump more rain,133
10859,Electronic Data Systems Corp Thursday said the Securities and Exchange Commission has asked the company for documents related to its large contract with the US Navy,139
10860,As well as the dolphin scheme the chaos has allowed foreign companies to engage in damaging logging and fishing operations without proper monitoring or export controls,142
10861,Moffitt said the results need to be replicated in another study before testing of individuals for presence of the long or short versions of the gene will be pursued,136
10880,Last year Cuban officials said none of nearly two dozen nominated Cuban musicians received US visas on time to attend the Grammys in Los Angeles,120
10887,The Bush administration blames Hussein loyalists and foreign Muslim militants who have entered Iraq to fight US troops for the wave of bombings and guerrilla attacks,140
10894,Sources within the racing industry have told the Daily Bulletin that Fontana will get a second NASCAR race on Labor Day weekend starting next season,124
10895,Dennehy who transferred to Baylor last year after getting kicked off the University of New Mexico Lobos for temper tantrums had begun to read the Bible daily,131
10897,In that case the court held that Cincinnati had violated the First Amendment in banning only the advertising pamphlets in the interest of aesthetics,125
10906,He was referring to John S Reed the former Citicorp chief executive who became interim chairman and chief executive of the exchange last Sunday ,120
10910,Reuters witnesses said many houses had been flattened and the city squares were packed with crying children and the homeless huddled in blankets to protect them from the cold,146
12754,But the justices ruled that the police supervisor who repeatedly questioned Mr Martinez as he screamed in pain did not violate his Fifth Amendment rights,129
12756,Iraqi police opened fire in downtown Baghdad Wednesday after demonstrators demanding jobs stormed a police station and threw stones at officers police said,133
12772,Manuel and his group entered the US the same way thousands of people do every day by walking across the bridge between Matamoros and Brownsville,120
12784,The International Committee of the Red Cross fearful for the safety of its staff operating in Iraq announced it was temporarily shutting its offices in Baghdad and Basra,142
12803,The PRC epidemic began in Guandong province in November but the Communist Party government refused to report truthfully about its spread for four months,129
12815,She told the inquiry that her husband had received assurances from his line manager and senior ministry officials that when he came forward his name would not be made public,144
12821,Brigadier General Edward Aritonang a police spokesman confirmed yesterday that another two had been arrested one in Jakarta and another in Magelang Central Java,137
12833,Although obesity can increase the risk of a host of health problems skeptics argue so do smoking and high cholesterol which are not considered diseases,127
12837,Convicted child molester Brian DeVries spoke out in response to community outrage Wednesday afternoon after registering as a sex offender at the Soledad Police Department,146
12845,US stocks fell in early morning trade on Wednesday as a wave of profit warnings drained some of the optimism that has driven a rally over the past three months,130
12853,In Nairobi the provost of All Saints Cathedral the Very Reverend Peter Karanja said the US Episcopal Church was alienating itself from the Anglican Communion,133
12866,The University of Michigan plans to release a new undergraduate admissions policy Thursday after its acceptance requirements were rejected by the US Supreme Court in June,145
12874,Trouble flared when at least four North Korean reporters rushed from the Taegu media centre to confront a dozen activists protesting against human rights abuses in the North,146
12875,US officials did not say whether American forces who were acting on intelligence crossed into Syrian territory and were vague about how the Syrian guards were involved,141
12883,Close cooperation between regional law enforcement agencies and intelligence services was at the heart of the fight against terrorism he said,121
12884,Later this year the command will send trainers with soldiers from four North African nations on patrolling and intelligence gathering missions,122
12892,People who once thought their blood pressure was fine actually need to start exercising and eating better according to new US guidelines published on Wednesday,135
12900,The arm was kept in a separate room but the monkeys could track their progress by watching a representation of the arm and its motions on a video screen,124
12905,The Saint Sophia Camp hosts religious retreats for children during the summer months as well as other events year round according to its Web site,121
12915,Hispanics have officially overtaken African Americans as the largest minority group in the US according to a report released by the US Census Bureau,125
12923,While some other parts of Africa have been used as Al Qaeda staging grounds Malawi had previously not been a major focus of investigations into the group,127
12926,The intervention force will confiscate weapons reform the police strengthen the courts and prison system and protect key institutions such as the Finance Ministry,139
12958,US Capitol Police evacuated the Capitol yesterday after a sensor detected a possible biohazard in the Senate wing but authorities later said it was a false alarm,135
12961,Samudra not present in Bangkok the indictment said but attended a series of meetings before the attacks recruiting fellow bombers and coordinating the operation,137
12973,The executives fined included former Chief Executives Paul A Allaire and G Richard Thoman as well as former Chief Financial Officer Barry Romeril,123
12978,Sweeney was to outline plans for the campaign in a speech on Saturday night at the annual meeting of the American Political Science Association,120
13045,russia has repeatedly threatened withdrawal from the cfe in opposition to plans for the extension of the us missile defense shield to eastern europe,125
13070,members of the proliferation security initiative are considering ways of intercepting ships or aircraft suspected of carrying weapons of mass destruction,133
13073,france belgium germany sweden italy and britain provide parts and technology for the advanced light helicopter that india plans to sell to myanmar,124
13085,sheik doon salad ilmi stated that civilian casualties resulting from overnight mortar and rocket attacks are admitted to the hospital nearly every day,128
13087,blix was visiting new zealand and said that it is essential that greater efforts be made to eliminate nuclear arms and weapons of mass destruction,122
13104,the united states and other nato members have refused to ratify the amended version until russia withdraws troops from former soviet republics moldova and georgia,138
13118,the dans stated the gang engaged in illegal activities including racketeering blackmail arms smuggling cigarette smuggling and money laundering,125
13119,the state scientific center of applied microbiology has been working with western scientists to convert the complex into a biomedical manufacturing site,131
13122,executive director of the arms control association in washington daryl kimball stated the israeli document could affect the debate over india,121
13126,leaders from albania bosnia and herzegowina croatia macedonia and serbia and montenegro met for the first time with european union leaders to pursue joining the european union,149
13131,kamynin said there will be an exchange of opinions on topical international and regional matters based on a joint working relationship at the heart of the un,131
13507,Diana and Fayed death info received new The deaths of Princess Diana and Dodi Al Fayed are being looked at again by police after they received information,128
14824,In November Jeffrey Brabakow the chief executive at the time said the company used aggressive pricing to get higher payments for the sickest Medicare patients,134
14828,US soldiers killed about two dozen suspected Taliban militants in southern Afghanistan after their convoy came under attack the military said Sunday,127
14832,Just five months ago Dean committed to accepting taxpayer money and the spending limits that come with it and vowed to attack any Democrat who didnt,123
14834,Gerry Kiely a EU agriculture representative in Washington said EU ministers were invited but canceled because the union is closing talks on agricultural reform,136
14842,FirstEnergy Corp should have determined that modernizing one of its plants would increase overall pollution emissions US District Judge Edmund Sargus ruled Thursday,142
14845,A key portion of the accord was the implementation of a special council to monitor health spending set goals for the system and measure progress in reforming health care,141
14848,Authorities performed an autopsy Thursday on one of three bodies recovered from beneath a layer of freshly poured concrete in the basement of a northwest Indiana home,140
14849,Two federal agencies are investigating telecommunications gear maker Lucent Technologies for possible violations of US bribery laws in its operations in Saudi Arabia,143
14866,Supermarket chains are accusing union leaders of breaking off contract talks prematurely over the weekend as grocery clerks gear up for a possible strike,130
14876,Patton also appointed Conner to the Kentucky Lottery Board and appointed Seth Conner to the Agriculture Development Board the commission says,121
15579,Internal chaos has allowed foreign companies to set up damaging commercial logging and fishing operations without proper monitoring or export controls,130
15580,Professor Moffitt said the results needed to be replicated before pursuing testing of individuals for the presence of the long or short versions of the gene,131
15585,Frist proposed a process in which it would take gradually fewer votes to overcome filibusters preventing final votes on judicial confirmations,122
15589,These despicable acts were committed by killers whose only faith is hate and the United States will find the killers and they will learn the meaning of American justice,140
15600,The researchers say that the fact the MAP bug is present in the vast majority of Crohns sufferers means it is almost certainly causing the intestinal inflammation,136
15610,The Bush administration blames the wave of bombings and guerrilla attacks on Saddam loyalists and foreign Muslim militants who have entered Iraq to fight US troops,138
15620,In that case the court held that the city of Cincinnati had violated the First Amendment in banning in the interest of aesthetics only the advertising pamphlets,134
15628,Next week John S Reed the former Citicorp chief executive who Sunday became interim chairman and chief executive of the exchange will take up his position,129
15632,Reuters witnesses said public squares were packed with crying children and people left homeless huddled in blankets to protect them from the cold,123
15638,The Pentagon had hoped to retain control of the postwar effort so the decision was seen by some insiders as a victory for Powell and the State Department,126
15778,Always before Larry had helped Dad with his work But he could not help him now for Dad said that his boss at the railroad company would not want anyone but him to work in the office,145
15831,Fred was supposed to run the dishwasher but he put it off because he wanted to watch TV But the show turned out to be boring so he changed his mind and turned it on,130
15855,The Dakota prairie lay so warm and bright under the shining sun that it did not seem possible that it had ever been swept by the winds and snows of that hard winter,132
15856,It was a summer afternoon and the dog was sitting in the middle of the lawn After a while it got up and moved to a spot under the tree because it was hot,120
15869,Fred was supposed to run the dishwasher but he put it off because he wanted to watch TV But the show turned out to be boring so he changed his mind and turned it off,131
15887,When the sponsors of the bill got to the town hall they were surprised to find that the room was full of opponents They were very much in the majority,121
15930,When the sponsors of the bill got to the town hall they were surprised to find that the room was full of opponents They were very much in the minority,121
15932,It was a summer afternoon and the dog was sitting in the middle of the lawn After a while it got up and moved to a spot under the tree because it was cooler,123
15961,Always before Larry had helped Dad with his work But he could not help him now for Dad said that the railroad company would not want anyone but him to work in the office,136
15967,Everyone by now felt a certain confidence in the British way of doing things A general had the right to punish a soldier caught selling his arms and also anyone who tempted him,144
15971,Though Dickens is said to have helped Collins develop the character of Mat Grice he is probably based on Leatherstocking from the novels of James Fenimore Cooper,135
15979,Muriel has in her living room a famous painting of the ballerina Theresa Rubio She was nineteen when she posed for it and her youthful energy explodes out of the canvas,138
